;;
NTA50023;Atlas Copco 1630040699;SA10939
NTA50038;AF 4100;SA14050
NTA50090;2625002E-000-440;ASR989205BK203
NTA50091;2625947;ASR989209BH236
NTA50120;4033060270;SC80011
NTA50139;0005L010P;SA12560
NTA50158;0005L003BN/AM;SA12679
NTA50169;51084016012;SAB085056
NTA50170;2625112-000-440     ;ASR977302BH177
NTA50175;P777869;SA16121
NTA50176;P777409;SA16125
NTA50177;P777875;SA16124
NTA50181;E116L;SA14019
NTA50201;6.907-038.0;ASR987810AB006
NTA50203;P771561;SA13990
NTA50208;2311122100;SA19692
NTA50221;0005L003P;SA12560
NTA50227;AF362;SA10312
NTA50231;P771526;SA10939
NTA50241;B120376;SAB120376
NTA50242;B125011;SAB125011
NTA50243;B100094;SAB100094
NTA50244;B125021;SAB125021
NTA50254;1A31392325;TO3139-2325
NTA50272;SL81754;SA190500
NTA50273;SL8470;SA12075
NTA50274;SL1781;SA5279
NTA50275;SL8475-PO;SA19540
NTA50276;SBL11514;SA12553
NTA50277;SL8315;SA19965
NTA50278;PA7741;SA7005
NTA50279;SL81438;SA19676
NTA50280;VF21102019;
NTA50285;1621 5743 00;SA19397
NTA50299;1613872000;SA19367
NTA 50300;SL 8954;SA10878
NTA 50301;HF 338;SA14788
NTA50306;2625002-000-440;ASR989205BB210
NTA50319;C1112;SA11112
NTA50327;6154010;SA11029
NTA50328;6151210;SA11496
NTA50329;6151220;SA19801
NTA 50353;16192847;SA13990
NTA50356;2625115E;TO262-5115E
NTA50365; 2625115 - FR ;ASR977302BH177
NTA50367;P158677;SA11783
NTA50368;C48/2;SA19325
NTA50369;C56/1;SA19372
NTA50371;615A2060;SA190314
NTA50372;852 519 MIC;SA12519
NTA50385;P606288 ;SA12843
NTA50387;0007L003P;SA12562
NTA50388;SFA3130P;SA11812
NTA50389;C452695;SA17570
NTA50390;7.401.109.560;SA18128
NTA50406;1621 0547 00;SA10939
NTA50411;C21138-1;SA19024
NTA50425;C301537;SA14663
NTA50426;C31220;SA14038
NTA50433;852 519 MIC 3;SA12519
NTA50451;HIFI SA19061;SA19061
NTA 50480;12466712;SG5011
NTA 50481;12466713;SG5010
NTA 50483;C352260/2;SA17705
NTA 50495;FL6042;SA11928
NTA 50497;642705;SG6014
NTA50498;642704;SG6015
NTA 50499;WG194;SA12691
NTA 50503;P775631;SA16631
NTA 50506;FOX WS 2-2000;SA190135
NTA 50507;FOX WS 2-1500;SA190133
NTA 50508;DN 100/12 S;SA19798
NTA 50509;GM 60 S;SA19796
NTA 50510;GM 10 S/DN 80;SA19777
NTA 50511;;SA19470
NTA 50512;BC 110 W;SA12821
NTA 50515;P033183-016-340;ASR977405BH280
NTA 50516;P031332-016-340;ASR977405BH280
NTA 50521;CSD 105 SFC/T;SA19689
NTA 50526;HF 293;SA14008
NTA50538;P131338;SA10870
NTA50539;P117327;SA10358
NTA50553;2625181;ASR994900BJ102
NTA50557;852 621 SM-L  ;SA12511
NTA50564;SBL11519;SA12581
NTA50565;SL6358;SA13118
NTA50567;SL8301;SA17198
NTA50568;SL81673;SA19774
NTA50569;2205721992;SA14010
NTA50571;SL8570;SA10149
NTA 50575;C 30375;SA19051
NTA 50579;6.4139.0;SA19676
NTA 50586;C-1131-1;SA19464
NTA 50588;5690033661P;SA17224
NTA 50589;1C121788;
NTA 50618;211736004;
NTA 50622;ASD 140 SFC/T;SA19721
NTA 50625;P629560;SA17217
NTA 50639;P502563;SA12572
NTA 50640; P502574;SA12623
NTA 50660; 2626784 E;
NTA 50664;P191889-016-436;ASR977302BH177
NTC60002;R928045351;
NTC60005;SF 503 M 90;SH63041
NTC60006;SF 604 M 90;
NTC60007;S2 1033-1;SH52030
NTC60035;PI 8408 DRG 60;SH84055
NTC60037;0660R100W;SH74384
NTC60052;3S3875;SH66105
NTC60086;R928041880;
NTC60087;PI9805DRGVST500;SH84423
NTC60094;306603;SH65453
NTC60096;HY90521;
NTC60098;HY90661;SH62548
NTC60115;V3083308;SH52109
NTC60205;S2092300;SH52209
NTC60240;S2092000;SH52900
NTC60271;PI8308DRG40;SH84049
NTC60278;0160D050W/HC;SH75161
NTC60279;0160D100W/HC;SH75181
NTC60281;20013 G40-A00-0-P;SH67531
NTC60305;0110 D 025 W;SH75065
NTC60307;0110 R 100 W/HC;SH74136
NTC60308;0330 R 025 W/HC;SH74155
NTC60311;0330 D 010 V/-W;SH75108
NTC60344;CU250M25N;SH93036
NTC60345;0330R050WHC;SH74182
NTC60348;0250DN050W/HC;SH65424
NTC60369;CU200M60N;SH93047
NTC60371;PI 8311 DRG40 ;SH84050
NTC60372;PI 8508 DRG 100;SH84061
NTC60383;0240 R 050 WVPN-S0558;
NTC60384;0850R100WVPN;
NTC60385;2600R100W;SH74419
NTC60386;0060R100W/KB;
NTC60411;P171663;C100/6
NTC60412;P171656;C40/6
NTC60413;STR0704SG1M250P01;SH77345
NTC60418;2600 R 025 W/HC;SH74161
NTC60419;0850R025WHC;SH74335
NTC60435;0660 R 050 WHC;SH74173
NTC60445;P171589;SH630211
NTC60459;R241T60;
NTC60460;CU2101M060ANP01;
NTC60467;0110D050W/HC;SH75177
NTC60478;939317Q;EZ99157
NTC60479;0240D020V;SH75105
NTC60481;Pi 8708 Drg300;SH84345
NTC60482;XD040T40A;SH84240
NTC60483;XD063T40A;SH84261
NTC60495;0180S075W;SH77064
NTC60503;HY90598;SH52313
NTC60504;HY9792;SH55164
NTC60505;1500D005V;
NTC60509;0030D050WHC;SH75169
NTC60510;RVR65B40B;
NTC60513;HC8300EOM16H;SH87341
NTC60515;01E200080G16EP;SH65347
NTC60517;0500 R 050 W;SH74406
NTC60523;HP0394M25ANPO1;
NTC60525;0660 R 050 W/HC/-KB ;SH74359
NTC60526;VF1710219;
NTC60530;HD578;SH84054
NTC60536;PI 8530 DRG 100;SH84064
NTC60539;HP0371M60AN;SH93135
NTC60540;MF1801M60NB;SH63319
NTC60548; 0250DN200W/HC;SH84436
NTC60549;0160DN200W/HC;SH75250
NTC60550;0240D025W/-V;SH75068V
NTC60555; 01.NR 1000.40G.10.B.P.;SH65460
NTC60556;0030 R 025 W;SH74152
NTC60557;0030 R 025 W /-V ;
NTC60558;0030 R 005 V;SH74069
NTC60561;940197Q;
NTC60562;0060R020V/KB ;
NTC60563;0060 R 010 V /-V;
NTC60564;0060 R 010 V /-W;
NTC60565;0060R010V/B1;SH74074
NTC60566;0060R010V/B6;
NTC60567;0060R010V/KB;
NTC60568;0060R020V/B6;
NTC60569;0060 R 020 V;SH74075
NTC60571;SK3690;SN70152
NTC60572;HY5989;SH59013
NTC60573;HY5976;SH77435
NTC60574;SKV390;SN80012
NTC60575;HY5975;SH77428
NTC60578;PI 8430 DRG 60;SH84058
NTC60581;0330 R 050 W/HC /-KB;
NTC60585;MR8501M60AP01;
NTC60586;1300R020W;
NTC60590;HY 5996 ;SH63156
NTC60591;HY 9194;SH60046
NTC60592;HY10311;SH77255
NTC60593;HY 90205;SH59026
NTC60594;HY 90701 ;SH63143
NTC60595;HY 5997 ;SH63870
NTC60597;R928022715;
NTC60598;HY 9995;SH62019
NTC60600;HY 90146;SH63871
NTC60603;852243DRG25;
NTC60612;HP3202M90ANP01;SH93326
NTC60613;HP1353M60ANP01;
NTC60614;1353M25ANP01;
NTC60615;HY11942;SH67650
NTC60616;HY11667;SH67489
NTC60617;HY9828;SH60066
NTC60618;HY9169;SH63018
NTC60619;R928005654;SH67753V
NTC60620;0850 R 050 W/HC;SH74200
NTC60621;0030 D 010 V ;SH75084
NTC60622;0660R100W/HC;SH74205
NTC60630;0250DN100W/HC;SH65543
NTC60631;R928019901;
NTC60632;0280D200W/HC;SH75383
NTC60633;HY25094;SH63640
NTC60634;HY90286;SH63671
NTC60635;HY5992;SH77440
NTC60636;HY90726;SH62375
NTC60638;HF28925;SH60036
NTC60639;P562238;SH77004
NTC60640;S231T25;
NTC60641;DVD2225B25B;
NTC60642;WT328;
NTC60643;1.0020 G60-A 00-0-P ;
NTC60649;1941356;EZ99043
NTC60650;P171650;SH93019
NTC60653;P171541;SH63319
NTC60654;304533;
NTC60655;PI2145;
NTC60658;HF35160;SH77009
NTC60659;DMD0030B40B;
NTC60667;01NL.400.80G.30.E.P.;
NTC60670;0950R100WHC;SH74380
NTC60671;RS-151-B-100-B;
NTC60672;311873;SH74164
NTC60673;HY9986;SH56236
NTC60674;HY90741;SH60897
NTC60675;0160DN025W/HC;SH75217
NTC60690;0750R025W/HC;SH74541
NTC60694;1.361G100-A 00-0-P ;SH67679
NTC60695;2.140G 25-A 00-0-P;SH67115
NTC60700;ESC41XME;SH63056
NTC60701;P171693;SH63041
NTC60702;HY90370;SH52262
NTC60703;HY15775;SH77165
NTC60704;HY9146;SH63497
NTC60705;HY9422;SH69355
NTC60710;0950R050WHC;SH74287
NTC60712;1300R100WHC;SH74165
NTC60713;0140D050W/HC;SH75179
NTC60714;0060D100WHC;SH75175
NTC60715;1300R050WHC;SH74167
NTC60719;XD040T25A;SH65404
NTC60722;PI 9508 DRG VST 100;SH84091
NTC60723;312654;SH65416
NTC60730;0160 DN 100 W/HC ;SH84310
NTC60731;0660 R 025 W/HC;SH74201
NTC60734;300368;SH65422
NTC60735;B20.060L1-P;SH62129
NTC60745;PI8545DRG100;SH84065
NTC60746;PI8511DRG100;SH84062
NTH20001;1300R005BN3HC/KB;SH74635
NTH20002;1300R003BN3HC/KB;SH74154
NTH20003;V3083306;SH52836
NTH20004;HH100X;
NTH20005;HC9800FKT8H;SH57157
NTH20013;DLD60E05B;
NTH20015;0660D005BN4HC;SH75058
NTH20038;R928005873;SH84140
NTH20039;0110D010BN3HC;SH75012
NTH20042;1300R010BN3HC;SH74049
NTH20043;ERA 32 NFC;SH63351
NTH20046;580155801;
NTH20047; PI 3208 PS VST 10;SH84019
NTH20051;WG351;
NTH20054;PI24025RN ;SH84166
NTH20061;294073005;SH68179SP
NTH20069;RTE48G25 ;
NTH20072;0160D010BN4HC ;SH75028
NTH20073;0110R010BN4HC;SH74065
NTH20074;0330R010BN4HC ;SH74024
NTH20076;1300R020BN3HC-KB;SH74214
NTH20078;0330D010BH3HC;
NTH20083;5100541;SH52278
NTH20084;HC9800FKS4H;SH57152
NTH20090;P171738;SH63956
NTH20094;P550787;SH60223
NTH20095;60010265;
NTH20096;852 755 DRG 90;
NTH20097;852 755 DRG 25;
NTH20098;HC8500FKT13H;SH87060
NTH20100;8526415;
NTH20101;CU630P25N;SH93062
NTH20102;0660D020BH3HC ;SH75063
NTH20104;HP1352D16ANP01(1352D16AN);
NTH20109;0110D010BH4HC ;SH75013
NTH20110;0330D010BN4HC;SH75044
NTH20111;0250 RN 025 BN4HC ;SH84122
NTH20119;V 21460-28;SH52329
NTH20123;PI 4130SMX 25;SH84028
NTH20124;P567015;
NTH20126;RMF AQUA2IN1 4187244/5;
NTH20127;RMF AQUA2IN1;
NTH20131; PI 3130 PS 10;SH84016
NTH20135;R120C10B;SH63305
NTH20142;H15395 ;SH56351
NTH20143;HF 6711;SH56761
NTH20149;0165R020BN4HC ;SH74114
NTH20150;0030D010BH4HC;SH75075
NTH20151;0030D010BN4HC;SH75079
NTH20152;0800RK010MM;SH74408SP
NTH20154;PI8415DRG60;SH84057
NTH20158;300360;SH65393
NTH20160;D121G10BV;
NTH20165;D911G25A ;SH53210
NTH20166;CU 200A10N;SH93041
NTH20167;20005H10XLA000P;SH67504
NTH20168;R241G10;
NTH20170;0185R020BN3HC;SH74604
NTH20172;HHC03619;SH63031
NTH20173;HHC01205  ;SH63327
NTH20174;0240D020BN4HC;SH75038
NTH20175;HD622/1;SH75212V
NTH20176;UE 319AT13Z ;SH87745V
NTH20177;UE 319AN20Z;SH87721V
NTH20178;UE 219AS13Z;SH87361V
NTH20179;UE 319AN40Z;SH87760V
NTH20180;UE 319AT40Z;SH87757V
NTH20182;HD612/1;SH75160V
NTH20186;SENNEBOGEN KISA (054523  H/BA-A);SH74212SP
NTH20187;QA-L5204 370-L-122 GDH10 ;
NTH20188;HFK 0000007;
NTH20191;0160RN010BN4HC;SH84124
NTH20192;HF 7075;SH87160
NTH20193;KHM 1071;
NTH20194;D810G25A ;SH52508
NTH20202;HC9020FCT8H ;SH63938
NTH20203; DMD0008E10B;
NTH20210;P184852;
NTH20214;0850R020BN3HC;SH74040
NTH20218;P165006;SH57092
NTH20219; ERA 41 NFC  ;SH63359
NTH20220;0110D005BN3HC ;SH75010
NTH20220;0110D005BN4HC/V;SH75010V
NTH20222;0060D010BN3HC;SH75004
NTH20225;HFEFF009 QA-C2114;
NTH20226;LXH1-5-B QA-B3410 ;
NTH20229;HP 0653 A 10 NA - P165015, 10 µ;SH57096
NTH20230;HP 3202 A 10 NA ;SH63974
NTH20231;D821G10A;SH52606
NTH20232;19831613 - MEA1234RN3F25N;
NTH20233;0019831614 -P3052051 35;SH52051
NTH20242;0120A005BN4HC;
NTH20250;PI 2205 PS VST3;SH84006
NTH20253;HF135220;
NTH20254; P564860 ;SH75157
NTH20255;SCHMIDT 0242528-8;SH74159SP
NTH20256;R713C10;
NTH20261;PI3205SMXVST10;SH84018
NTH20262;HY-S501.300.P10/ES;SH67678
NTH20263;IKRON HY-D 501.32.10H/ES;
NTH20264;R928031786;
NTH20265; HY-R 501.330.10A/H/ES;SH670079
NTH20266;D154G10A;
NTH20275;222835006;
NTH20281;HC9801FDP4H;SH57158
NTH20282;HC9601FDT13H;SH87183
NTH20287; 0140D005BN3HC;
NTH20288;D721G10A;SH51315
NTH20294;416341;SH68182SP
NTH20295;R902603243;SH62021V
NTH20301;H15263;SH56296
NTH20305;HY90204;SH67588
NTH20311;PXW7-20 QA-J4303 ;
NTH20314;2600R020BN3HC ;SH74137
NTH20315; LIEBHER HV0182MG;
NTH20316;R721G25;
NTH20317; R928007327 ;
NTH20321;0160D003BN4HC;SH75024
NTH20322;0160D005BN4HC;SH75026
NTH20325;R928005874;SH84141
NTH20326;0660D005BH3HC ;SH75059
NTH20326;0660D005BH3HC-V;SH75059V
NTH20330;HP0502A06ARP01;SH93441
NTH20331;MF1001A25;SH63348
NTH20334;250 DN 006 BN4HC;
NTH20336; 852149SM25;
NTH20340;2600R010BN4HC;SH74116
NTH20344; XD040G25A;SH65405
NTH20351;0330D005BH3HC;
NTH20352;1300R020BN3HC ;SH74050
NTH20353;0660D003BH3HC  ;SH75057
NTH20357;0240R020BN3HC;SH74020
NTH20358;HC8300FKN39H;SH87029
NTH20363;R928006701;SH65408
NTH20364;HC8904FCS39H - C216G10;SH87620
NTH20365;0330R005BN3HC;SH74532
NTH20369;0240D20BN3HC;
NTH20370;HC9021FUT8Z;SH87130V
NTH20375;110R732G;
NTH20377;0240R010BN3HC;SH74019
NTH20378;0850R010BN3HC ;SH74039
NTH20379;0660R010BN3HC;SH74034
NTH20380;0660R005BN3HC;SH74033
NTH20381;0140D010BH3HC ;SH75021
NTH20382;0330D003BH3HC ;SH75041
NTH20385;HCG300FKS8H;
NTH20388;273827007;SH84187
NTH20392;0950R010BN3HC;SH74044
NTH20393;0500R005BN3HC;SH74028
NTH20395; HC9600FKP16H;SH87162
NTH20398;01-E-1201-3VG-10-S-P;
NTH20399;01-E-2001-6VG-10-S-P;
NTH20400;16RA 32 P25 RRMV 24 GP  ;
NTH20404;PI 3145 PS 10 ;SH84017
NTH20407;PO-CO-01-010-40  2003;
NTH20409;PI 2108 SMX 3;SH84001
NTH20410; HC9600FCT16H  ;SH87165
NTH20411; HC-8900-FKP-16-H;SH87099
NTH20418; R928005925;SH84202
NTH20419;928005926;
NTH20420;928005927;
NTH20422; P171662;C100/3M
NTH20423;P164596 ;SH57122
NTH20424; P164225;SH87135
NTH20427; 0110D005BH3HC;SH75011
NTH20427;0110D005BH3HC;SH75011
NTH20428;0240D005BH3HC;SH75035
NTH20429;EPE 1.561-G-10-A OO-O-P;
NTH20431;0280 D010 BN4HC ;SH75134
NTH20434;HC8300FKT39H;SH87031
NTH20436;D141G03A              ;
NTH20439;250 DN 020 BN4HC;
NTH20440;0660D010BN3HC;SH75060
NTH20442;937188Q;SH87180
NTH20443;HC8500FKN13H;SH87058
NTH20445;CRH008CV1;SH630268
NTH20449;P171741;SH63898
NTH20451;0060D003BN3HC;SH75000
NTH20453;1300R003BN3HC;SH74047
NTH20454;0660D003BN4HC;SH75056
NTH20460;0280D010BH4HC ;SH75138
NTH20461;0850R005BN3HC ;SH74038
NTH20462;0030D003BN3HC ;SH75077
NTH20463;0110D003BH3HC ;SH75009
NTH20464;0660D010BH3HC ;SH75061
NTH20465;PI1111MIC25 ;
NTH20466;0160D005BH3HC;SH75027
NTH20467;HV1506 ;
NTH20468;0110D020BN3HC;SH75014
NTH20469;0110D020BH3HC ;SH75015
NTH20470; 0063DN006BH4HC ;SH84180
NTH20472;0500D010BN4HC ;SH75052
NTH20473;0500R020BN4HC ;SH74030
NTH20474;0280D005ON  ;SH75137
NTH20475;0165R010BN4HC ;SH74142
NTH20476;0240D005BN4HC ;SH75034
NTH20477;0030 R020 BN 3HC  ;SH74056
NTH20478;0240D003BN4HC;SH75032
NTH20480;PI4105SMX25 ;SH84024
NTH20481;XR250G25;
NTH20482; R928040797;
NTH20483;PI4108PS25;SH84025
NTH20484;PI5108PS6;SH84154
NTH20485;PI5115PS6 ;SH84157
NTH20486;PI3105PS10  ;SH84012
NTH20487;PI3111PS10 ;SH84014
NTH20488;PI3115PS10 ;SH84015
NTH20490;01.E.900.10VG.HR.EP.;SH65137
NTH20491;R928006033;SH65454
NTH20492;01E.2001.10VG.10.S.P;SH65336
NTH20493;01.E.360.3VG.HR.E.P;SH65096
NTH20494;0250 DN 010 BN4HC ;SH84190
NTH20495;2600R005ON ;SH74132
NTH20497;1700R020 BN3HC   ;SH74403
NTH20498;UE619AN40Z;SH87785V
NTH20499;7608089;EZ99041
NTH20500;0100R010BN3HC ;
NTH20501;0250DN003BN3HC ;SH65418V
NTH20502; 940521Q ;
NTH20503;1301367;
NTH20504;1310160;
NTH20505; P765634;SH55029
NTH20506;174164;SH52295
NTH20509;0660D040AM ;
NTH20510;0040DN010BN4HC ;SH65402
NTH20511;T1046Z357;
NTH20512;HC9600FUS16H;SH87164
NTH20518;302185;SH65591
NTH20520;HF28937;SH66076V
NTH20521;HC9601FDP13H;SH87171
NTH20522;HC7500SKP4H;SH56753
NTH20523;G04276 ;SH51253
NTH20524;0160MG010P ;SH63161
NTH20526;937895q;SH53250
NTH20527;G04244 ;SH51172
NTH20528;937896q ;SH53411
NTH20530;P169429 ;SH87114
NTH20534;HC8300FKP16H;SH57054
NTH20535;PI3211SMXVST10 ;SH84020
NTH20536;0660D020BN3HC;SH75062
NTH20542;1.08.39D12ECO/C;
NTH20543;1.08.39D06ECO/C ;
NTH20544;1.08.39D03ECO/C;
NTH20545;HPM422F10XNR1;
NTH20546;HMM283F25XNP;
NTH20547;0055D005ON;SH75205
NTH20550;0330D003BN4HC;SH75040
NTH20552; 0990D010BN4HC;SH75223
NTH20553;0140D003BN4HC ;SH75016
NTH20554;0140D003BH4HC ;SH75017
NTH20555;0500D010BH4HC;SH75053
NTH20557;P566496;SH87095V
NTH20558;P573754;SH53468
NTH20559;R928007201 ;
NTH20560;R928005960 ;
NTH20562;P164164;SH57115
NTH20563;926837Q ;SH57120
NTH20566;R140G25B;
NTH20567;R160G25B;
NTH20568;R164G25B ;CR600/03
NTH20569;D124G10A ;
NTH20571;319982;SH65567
NTH20575;HC9021FUT4Z;SH57099V
NTH20576;VOITH R17K500M - 42218810POS;
NTH20579;924450;SH51971
NTH20580;924448;SH51970
NTH20581;HC9801FDP8H ;SH57560
NTH20582; P566350 ;SH87728
NTH20583; 928143Q ;SH87172
NTH20584;CKT220FS1;SH52309
NTH20586;CCH302FD1  ;SH57156
NTH20587;P171807;SH63576
NTH20588;CRC330FD1;SH53181
NTH20589;V3.0833 -06K4;SH52836
NTH20590;R742G25;
NTH20591;RF037049;
NTH20592;0075R010BN4HC ;SH74151
NTH20593; 0660R020BN3HC ;SH74035
NTH20595;P171846;CR150/02
NTH20596;R02A10GB, 765809746091;
NTH20597;P762904;SH52607
NTH20598;HY90584;SH52288
NTH20599;HY17037;SH76013
NTH20600;P763034;SH53110
NTH20601;HY9341/2;SH60234
NTH20602;HY14325;SH65007
NTH20603; HY16135;SH68027
NTH20604;HY16297;SH68150
NTH20605; HY9168;SH51068
NTH20606;HY20861;SH87658
NTH20607;HY90388;SH52407
NTH20609;PI 5130 SMX6;SH84143
NTH20610;2600R003BN3HC ;SH74131
NTH20611;P560972 ;KH66106V
NTH20612;15000312413;SH62315
NTH20618; 0060D020ON  ;SH75006
NTH20620;P171538;SH63360
NTH20621;0165R015MM;SH74236SP
NTH20626;0030D003BH3HC;SH75073
NTH20628;0330D020BH3HC ;
NTH20629;0030D005BN3HC ;SH75078
NTH20630;R743G25;SH53063
NTH20633;01.NR 1000.6VG.10.B.P.;SH84196
NTH20639;HP3201A25ANP01 ;SH63966
NTH20641;HP1353A16AH ;SH93170
NTH20645; 0160R020BN4HC  ;SH74003
NTH20648; 0185 R 010 MM;SH74322SP
NTH20649;ST2221;SH65100
NTH20650; HC8500FKP26H;SH87061
NTH20652; HP0392A25ANP01;SH63903
NTH20653; SL81214;SA19327
NTH20654;HY10074;SH52651
NTH20655;P173486;SH52622
NTH20656;HY19240;SH51281
NTH20657;HY90602;SH53305
NTH20658; HY19259-V;SH51172V
NTH20659; HY19081;SH51441V
NTH20660;HY13550;SH74177SP
NTH20661;HY19326;SH51201
NTH20662; HY10437;SH52323
NTH20663;HY90536;SH74308
NTH20665;1500D005BH4HC ;
NTH20666;1500D005BN4HC ;SH75269
NTH20667;HY23122;SH55168
NTH20668; P566707;
NTH20671; HY23122ZCP;
NTH20672;01.E60.16VG.16.E.P;
NTH20673; 01E12016VG16SP ;SH65172
NTH20674;D120C10A;SH63713
NTH20675; 0060D005ON;SH75002
NTH20683;0850R010BN4HC/-KB;SH74242
NTH20684;HC9801FCN4H;SH57162
NTH20685;P171526;SH630239
NTH20686;0850R003BN4HC;SH74037
NTH20687;0630RN003BN4HC ;SH84167
NTH20688;0630RN006BN4HC;SH84195
NTH20689;0630RN001BN4HC;
NTH20690;0850R001ON /-KB;
NTH20692;0160D003BH4HC;SH75025
NTH20693;937892Q;SH53401
NTH20694;0330R003BN3HC ;SH74022
NTH20695;0060R010BN3HC;SH74060
NTH20696;NNZX10 ;
NTH20697;0060 D 003 BH4HC;SH75001
NTH20699;1700R005ON/-V-KB;
NTH20700;1700R010ON/-V-KB;
NTH20707;GO4352Q ;SH51180
NTH20708;200176/006 ;SH62228
NTH20711; MF1001A25HNP01;
NTH20712;MF1801A06HBP01;SH63358
NTH20714;HP1353A10ANP01 ;SH93127
NTH20715;1353A25ANP01;
NTH20716;0500 R 010 BN3HC ;SH74029
NTH20717; 0280 R 005 ON;SH74473
NTH20722;1091770;SH65019
NTH20723;ST1555;SH51056
NTH20724;HP0372A10AN;SH63910
NTH20725;HY9538;SH55153
NTH20726;D920G10A;SH53270
NTH20727;HY23062;SH55006
NTH20729;D1101G10A;
NTH20732;0240D010BH3HC;
NTH20733;0660R003BN3HC;SH74032
NTH20734; 0110D003BN3HC ;SH75008V
NTH20738;0630RN025BN4HC ;SH84169
NTH20739;HC8300FKN16H ;SH57055
NTH20741; NL-400-E-03-B ;SH65428
NTH20742;XD400G06A;SH65582
NTH20743;2.0400 H10XL A00-0-M;SH84150
NTH20744;R928006918 ;SH84318
NTH20745;HY103711;SH52180
NTH20746; 0030D005BH3HC;SH75074
NTH20752; PI 4145 SMX 25;SH84029
NTH20753; PI 2425 RN SMX16;
NTH20754; 0160D020BN4HC ;SH75030
NTH20755;0630DN010BN4HC;SH84234
NTH20756;R928007116;
NTH20758;V3.0520-56 ;SH52095
NTH20759;01.E1201.6VG.10.S.P -  ;SH67056
NTH20760;HY18121 ;SH93024
NTH20763;1300R010BN4HC/-B6;SH74224
NTH20764;1300R010BN4HC/-V;SH74049V
NTH20765;0060D010BH3HC;SH75005
NTH20766;2600R010BN4HC/KB;SH74195
NTH20768;0160DN010BN4HC   ;SH84188
NTH20772;0030 R 003 BN3HC;SH74053
NTH20773;1300R010BN3HC/KB;SH74113
NTH20774;0240D010BH4HC ;SH75037
NTH20776;SN-045-F-05-B;SH65074
NTH20777;HY14224;SH65263
NTH20778;V3082306;SH52806
NTH20782;P171707;SH63909
NTH20783;303089;SH65783
NTH20784; P2121751 ;SH52172
NTH20785; V3081706 ;SH52055
NTH20786;MF4003P10NBP01 ;SH63331
NTH20787;MF4001P10NBP01 ;SH63321
NTH20788;1300R010 BN4 HC/-V-B4-KE50 ;SH74551V
NTH20789;300148;SH65078
NTH20793;P573792  ;SH51080
NTH20795; 0990D005BH4HC/-V;
NTH20798;0030D020BH4HC ;SH75076
NTH20799;N5DM020 ;SH74227V
NTH20800;N5DM005;SH74229V
NTH20801;0660R020BN4HC ;SH74035
NTH20803;R928006807 ;SH84256
NTH20804;852760 MIC10 ;SH64312
NTH20806;HP3203A10AN;SH63983
NTH20807;0100DN025BH4HC ;SH84247
NTH20809;7086449;SH66055
NTH20811;RE-008-G-05-B ;SH74054
NTH20812;0030 R 005 ON /-V;
NTH20813; 0030 R 003 BN3HC /-V ;
NTH20814;RE-014-B-25-B ;SH74062
NTH20815;0060 R 025 W /-V ;
NTH20817; 0060 R 025 W /-KB ;
NTH20818; 0060R025W/VB1;
NTH20819;0060 R 025 W /-V-B6 ;
NTH20820;0060 R 025 W /-V-KB ;
NTH20821;HY14011;SH65145
NTH20822; RHR165G20B ;
NTH20823;0160R010BN4HC ;SH74002
NTH20825; 0060 R 020 P ;SH74239
NTH20826;938260Q ;SH74061
NTH20828; 0060 R 010 P /-V -;SH74459
NTH20829;940405Q;SH87713V
NTH20830;940414Q ;SH87797V
NTH20831;938331Q ;
NTH20832; HF35203 ;SH63351
NTH20834; R293G25 ;SH93221
NTH20835;HY90178;SH53044
NTH20837;P169449 ;SH61002
NTH20838;300300;SH65295
NTH20839;01.E240. 10VG.HR.E.P ;SH65028
NTH20840;P560720;SH93060
NTH20841;01.E.600.10VG.HR.E.P;SH65125
NTH20848;1700R003ON/-V-KB;
NTH20849; P167943 ;SH66136
NTH20850;DMD0015F05B;
NTH20851;RLR175E10B/5 ;
NTH20852;PH51812CG;SH70143
NTH20853;PH414-12-CG ;SH70177
NTH20854;PH312-11-CG ;SH70142
NTH20855;0240D010BN4HC/-V ;
NTH20856; HP1352A25ANP01 ;SH63957
NTH20861; 0660D010BN4HC/-V;
NTH20866; V3.0510-56 ;SH52034
NTH20867;01.E.3001.25VG.10.S1.P;
NTH20868;01.E.1501.25VG.10.21.P;
NTH20869; 0240D003BH4HC;SH75033
NTH20870;01.E.4001.25VG.10.S1.P;
NTH20871;01.NL.630.6VG.30.S1.P ;
NTH20874; PI2230SMVST3;SH84010
NTH20876; D131G25A ;
NTH20877;HY 90429;SH74311
NTH20879;HY10470;SH52344
NTH20880;HY10177;SH52139
NTH20881;UFI HY 11586 ;SH67347
NTH20882;UFI HY 10229 ;SH52007
NTH20883;UFI HY 11878V ;SH67469V
NTH20884;HY12734;SH66175
NTH20884;UFI HY 12734 ;SH66175
NTH20885;UFI HY 9603-3 ;SH62078
NTH20886;UFI HY 9018 ;SH51017
NTH20887;UFI HY 10395 ;SH62253
NTH20888;UFİ HY 10435 ;SH52302
NTH20890;534896;SH74510
NTH20891;551476;SH74009SP
NTH20903;V2.1217-08 ;SH52178
NTH20904;1300R020ON/B6 ;
NTH20905; 943623Q;
NTH20906; HY24071;SH53096
NTH20907; HY14256;SH65283
NTH20908;HY24048;SH53025
NTH20909; P167766;SH66011
NTH20910; P171579 ;SH63375
NTH20911;0100DN025BN4HC;SH65417
NTH20912;HF6179;SH56229
NTH20913; P167188 ;SH87184
NTH20914;HC9601FDP13Z;SH87171V
NTH20916;0040 RN 010 BN4HC;SH84123
NTH20917; 0330D020BN4HC;SH75046
NTH20918;0160DN010BH ;SH84245
NTH20920;0140D010ON ;SH75020
NTH20921;0160R003ON;SH74000
NTH20922;0160R005ON;SH74001
NTH20923; 0330D005ON ;SH75042
NTH20924;0500D005ON ;SH75050
NTH20925; 0990D010BH4HC;SH75211
NTH20927;1700R003BN4HC;SH74361
NTH20928; 1700R010ON ;SH74148
NTH20929; 1700R010ON/PO;
NTH20931; HC9601FCT8H ;SH87182
NTH20932; HY20025 ;SH87260
NTH20933; HY90589 ;SH75231
NTH20934; HY9713;SH53005
NTH20935;HY10241 ;SH52047
NTH20936; CH8479101481Y00 ;SH61023
NTH20937;  R928019283  ;SH670104
NTH20938;  P560461  ;
NTH20939; P169797  ;SH61153
NTH20940;  P172467  ;SH53281
NTH20941; P171540  ;CR180/3
NTH20943;SS-002-F-10-B;SH670040
NTH20944;0950 R020 ON;SH74045
NTH20946; XD160G06B  ;SH84251
NTH20947; R928006925  ;
NTH20948;  XD250G10B ;SH84220
NTH20949; HY16383 ;SH68203
NTH20950; 01.E631.10VG.16.S.P.  ;SH65275
NTH20951; 01.E 70. 10VG.16.S.P  ;SH65021
NTH20952;  01.E 60. 10VG.HR.E.P ;SH65045
NTH20953; 01E.950.10VG.30.S.P ;
NTH20954;HY21099;SH75197
NTH20955;P172468  ;SH53003
NTH20956;P566279 ;
NTH20957;P574195;SH66260
NTH20958;MF0203A10HB ;SH63626
NTH20959;P169446 ;SH57151
NTH20961; Pi6319D1 SM-X010;
NTH20975; 1320D005BH4HC;
NTH20976; V3073056 ;SH52049
NTH20977; 0750 R 010 BN4AM /-B6 ;
NTH20978; 0110 R 005 ON  ;SH74064
NTH20979; PI 23040 RN PS 10 ;SH84112
NTH20980;  HC 8300 FKS 39H ;SH87030
NTH20981; HC8300FKS16H  ;SH87025
NTH20982; R928005927 ;SH84115
NTH20983;  HC9101FCS13H ;SH87849
NTH20984; R928018919  ;SH67579
NTH20985;PI21080069 ;
NTH20986;  V3.0620-56  ;SH52031
NTH20987; V7.0833-06  ;SH52321
NTH20988; CU1101А025ANP01 ;
NTH20989; 943738Q;
NTH20990;V2-1234-28 ;SH52358
NTH20991;V 2-1217-58;SH52352
NTH20992;V3.0510-06  ;SH52506
NTH20993;  0660 R 010 BN4HC /-V ;SH74034V
NTH20994;1300R001BN4HC;SH74345
NTH20995; CU250A25N;SH93033
NTH20996; ERF24NFC;SH53052
NTH20997; 0030D010BN4HC/-V  ;SH75079V
NTH20999; Pi6316D SM-X005  ;
NTH21000; 0095D010ON ;SH75212
NTH21001;  8RN063A003ANP01 ;
NTH21002;  PT493 ;SH70096
NTH21003;HY10090;SH52762
NTH21004; PT9348-MPG ;SH60201
NTH21005;  HY18438  ;SH63356
NTH21006;  P566633  ;SH87305
NTH21007; PT9384MPG;SH65210
NTH21008; P173030  ;SH56261
NTH21009; 0280 R 010 ON ;SH74323
NTH21010; P170591  ;SH75029
NTH21011;  P170595  ;SH75045
NTH21012; HC6400FKN26H  ;SH87289
NTH21013;1097287;SH52125
NTH21014; 0630RN010BN4HC ;SH84193
NTH21016;  0160DN025BN4HC ;SH75219
NTH21017;  ST1242  ;
NTH21018;  P172465 ;SH53053
NTH21019;P762921;SH60101
NTH21020; HC-9021-FDP-4H;SH87123
NTH21021; PI3130 SMX 5;
NTH21022; PI 23100 RN SMX 5;
NTH21026;  0240D005BH3HC-V  ;SH75035V
NTH21028;  G04259;SH51291
NTH21030;  HD6003;SH75206
NTH21031;  HC9600FKS13H ;SH57124
NTH21032;  2600R005BNHCB6  ;SH74377
NTH21033; 2.90 H20XL-A00-0-M  ;SH67109
NTH21034; MXW2-20;SH53102
NTH21035; PL71812CN ;SH70248
NTH21038; HY14790 ;SH65615
NTH21039;  HY90416 ;SH57381
NTH21040; HC-9400-FKP-26-H ;SH87137
NTH21041;  0240D010BN3HC   ;SH75036
NTH21043;932664Q  ;SH51314
NTH21044;  CU2101A10ANP01 ;SH93142
NTH21045; ST2244  ;SH65459
NTH21046; HC9600FKP8H ;SH87152
NTH21047;932685Q ;
NTH21048;  R928006052 ;SH67795
NTH21049; 1320D010BH4HC  ;SH75314
NTH21050;10155110;SH87318
NTH21053;302108;SH65396
NTH21054; CU350A25N ;SH93051
NTH21057;3102924;SH74264V
NTH21058; HC-9600-FKT-8H;SH57121
NTH21059; 0060R005BN4HC  ;SH74059
NTH21060;P164241;SH56252
NTH21061;1271365;SH74408FANMO
NTH21065;1700R005BN3HC ;SH74221
NTH21066;P171735  ;SH63947
NTH21067; 250 DN 010 BN4HC-V ;
NTH21068;MFE1000 ;SH76081
NTH21070;  1300R005BN3HC - B6 ;SH74292
NTH21071; CH1157101481W01  ;SH61192
NTH21072;HP0653A25AN;SH93418
NTH21074;0100 DN 006 BN/HC ;SH75202
NTH21075;2694124;
NTH21076; PI 23010 DN SMX 10  ;SH75164
NTH21077; 0500D005BH3HC ;SH75051
NTH21078;  2600R003BN3HC/B6 ;SH74179
NTH21079; R928005964 ;SH84211
NTH21080;  PI24040RNSMX16 ;SH84181
NTH21087; R928006035 ;SH84117
NTH21088; 0015D010BN4HC  ;SH75296
NTH21089;  0055D005BN4HCV ;SH75205V
NTH21090;  0055D010BN4HC  ;SH75160
NTH21091; 0095D005BN4HCV ;SH75259
NTH21092;N5DM002 ;SH74246V
NTH21093;  HP0651A03VNP01 ;SH63917V
NTH21096;SH52403 ;SH52403
NTH21097;  0950R005BN4HC ;SH74043
NTH21098; CPM38HN  ;SH63911
NTH21102;228943004;SH68194
NTH21103; 940428Q ;SH87717V
NTH21104;0240D020BH3HC;SH75039
NTH21106; V3.0510-96;SH52343
NTH21108; 0060D010V ;SH75088
NTH21110; CHP621F10XN ;SH63965
NTH21111;8TB0320 ;SH62215
NTH21112; P169344;SH57382
NTH21113;H 0660 DH 2 003  ;SH75057
NTH21114; 0060D005BH4HC/-V ;SH75003V
NTH21115; CRE080FD1 ;SH630095
NTH21116;P171549;CR250/02
NTH21117; CR111F06R  ;SH63346
NTH21118;HP3201A16ANP01  ;
NTH21119; P174570  ;SH53163
NTH21120;SP-130-E-05-B;SH87163
NTH21121;P550702;SH66094
NTH21122;JCB 35/925858  ;SH63355
NTH21123;ARGO V2.0920-08 - STAUFF RD-055-E-20-B;SH52075
NTH21126;0075 R 020 BN4HC;SH74190
NTH21128;HYDAC 0990D006ON, 6 BAR, FILTREC DHD990G03B;
NTH21129;FILTREC DHD35G10B ;SH75206
NTH21130;MAHLE PI 21004 DN PS 3 - STAUFF NL-040-E-03-B -  01.NL40.3VG.30.E.P;SH65400
NTH21131;PALL HC8500FKP13H - FILTREC R452G03  ;SH87057
NTH21133;01.NR.630-6VG-10BP-R928005998 - 1.0630 H6XL-A00-0-M - FILTREC XR630G06 - STAUFF NR-630-E-06-B;SH84195
NTH21134;01.E150. 3VG.HR.E.P - STAUFF SN-040-F-03-B - 01-E-150-3VG-HR-E-P;SH65061
NTH21135;911.380.101.770;
NTH21136;RLR950E10B - 312525 ;SH65800
NTH21137;RLR1201E10B/5 - 309619  ;SH65315
NTH21138;RLR2001E20B/5 - 310253 ;SH65343
NTH21139;LIEBHERR - 7373884 -  FILTREC WG633 ;SH68180
NTH21140;MAHLE / Filtration Group I450DH2010 - STAUFF SN-120-F-10-B - SKY VF 060.034.415GF10H-2H;
NTH21141;PALL HC8304FKS16H - FILTREC C132G10 ;SH87606
NTH21142;PALL HC8304FKT16H - FILTREC C132G25 ;SH87608
NTH21143;HIFI SH 52277 - MANN HD 7002 - DONALDSON P959080;SH52277
NTH21144;HIFI SH 74267 - MANN - H 10002 - DONALDSON P581466;SH74267
NTH21145;0165R005BN3HC ;SH74138
NTH21146;HYDAC 2600R005BN4HC/-KB - FILTREC RHR2600G05B0/AB1;SH74464
NTH21147;FILTREC D121G10A - HY18364;SH63974
NTH21148;HYDAC 1700 R 010 ON/ KB - FILTREC RHR1700G10B0/AB1;SH74194
NTH21149;HYDAC 1700R020ON/-KB - FILTREC RHR1700G20B0/AB1;
NTH21150;R928005892 - STAUFF NR-160-E-25-B - FILTREC XR160G25 - HIFI SH 84124;SH84124
NTH21151;EATON 338889 - FILTREC XD250G15A - INTERNORMEN 01NL25010API30EP;
NTH21152;FILTREC XD630G40A - INTERNORMEN 01.NL 630.25API.30.E.P. - EATON 343235;SH65670
NTH21153; FILTREC XD250G25A;SH65423
NTH21155;2,56H10P 271, 10 µm MG, BHAGWATI-07922893776 ;SH67015
NTH21159;HYDAC 1300R005BN4HC - FILTREC RHR1300G05B3/AB1 - SKYGALAXY VF 144.096.483GF5L-2H;SH74048
NTH21160;HYDAC 2600 R 003 BN4AM/-KB - STAUFF RE-600-G-03-B-NB ;SH74196NWS
NTH21161;INTERNORMEN 01.E360. 6VG.HR.E.P - STAUFF SN-095-F-05-B - HIFI SH 65097;SH65097
NTH21164; PARKER G01993 - FILTREC R520G10;SH51093
NTH21167; 210 BAR - DHD990H05B - 0990D005BH4HC- STAUFFSE-250-H-05-B;SH75198
NTH21168;P171543;SH630091
NTH21169;9861092 - FILTREC DHD35G03B;SH75206
NTH21170;PALL HC9601FDS4H - FILTREC D140G10B - STAUFF SP-045-F-10-B - DONALDSON P167843;SH57131
NTH21172;HYDAC 0240 R 005 BN4HC - FILTREC RHR240G05B3/AB1 - STAUFF RE-070-G-05-B;SH74018
NTH21173;HYDAC 0330 D 010 BH4HC/-V - FILTREC DHD330H10V - STAUFF SE-090-H-10-V;SH75045V
NTH21174;HENGST 2.0160 PWR10-A00-0-M - STAUFF NL-160-E-10-B;SH84188
NTH21177;HYDAC 0185 R 010 ON - STAUFF RE-052-G-10-B -;SH74176
NTH21178;0330 R 010 BN3HC KB;SH74168
NTH21179;MAHLE Pi 22100 DN SMX6 - STAUFF NL-1000-E-06-B - R928005746;SH67860
NTH21180;MAHLE PI 5145 SMX 6 - STAUFF SL-125-E-05-B;SH84158
NTH21181;0030D020BN4HC - POZARLI HH0306 - HIFI SH75080 - HF7834 - VF 035.012.094GF20L-2H;SH75080
NTH21182;HYDAC 0095D010ON - HYDAC 1267817 - STAUFF SE-026-G-10-B - FILTREC DHD95G10B- VİTON ORİNG;SH75212
NTH21183; R902603243 ;SH62021V
NTH21184;MAHLE 852149SMXVST25 - HIFI SH 64179 - FILTREC DMD149F20B, 210 BAR ;SH64179
NTH21185;V3072046 ;SH52197
NTH21186;HYDAC 0251RK015MM, STAUFF RE-066-Q-15-B-OBE ;SH74186SP
NTH21187; 0030D003BH3HC ;SH75073
NTH21188;0240D020BN4HC/-V ;SH75038V
NTH21189;0500D010BH4HC ;SH75053
NTH21190;0990D020BN4HC, DHD990G20B;SH75321
NTH21191;BOBCAT 5380658088 - STAUFF RN-100-E-16-B - MANN HD9006X ;SH65016
NTH21192;0500R010BN4HC ;SH74029
NTH21193;0030D005BN4HC;SH75078
NTH21195; MF1002P25NBP01 ;SH63029
NTH21196; HIFI SH 65402 ;SH65402
NTH21198;VF 202.151.499GF25L-2H - 25 MİKRON - M 8884 DN SMX25;
NTH21200; MP HP500 5 A25 A H P01;
NTH21201; Mahle 852 884 DN PS25;
NTH21202; 0160DN003BN4HC - 2.0160. H3XL-A00-0-M,REXROTH - Bosch Rexroth R928006807;SH84256
NTH21203;PALL HC9600FKP13H - STAUFF SP-090-E-03-B;SH57122
NTH21204; HIFI SH53016;SH53016
NTH21206;POZARLI HM0156 ;
NTH21207;POZARLI HV0464 ;
NTH21208; MPFiltri HP1353A10AHP01;SH93169
NTH21209;FLEETGUARD HF35098 - ARGO V3072308 - FILTREC H311G25B - DONALDSON P175112 - HIFI SH 52008;HIFISH52008
NTH21210;FLEETGUARD HF35337 - HIFI SH 74408 FANMO - DONALDSON P958435;SH74408
NTH21211;ARGO V2.1460-23 - HIFI SH 52383 - FILTREC R672G06;SH52383
NTH21212;2600R010BNHCB6 - STAUFF RE-600-G-10-B-B6.0;SH74375
NTH21213;1300R010BN4HC/-B7 ;
NTH21214;STAUFF SS-050-F-10-B - EPE 2.0020H 10SL B00-0-P - SF HY 11813 - POZARLI HT0205SS - FILTREC DVD20020F10B1 ;SH67560
NTH21215;HYDAC 0075D010ON - STAUFF SE-021-G-10-B - HIFI SH 75157;SH75157
NTH21216;HYDAC 0055 D 010 ON /-V - STAUFF SE-015-G-10-V - HIFI SH75160 V;SH75160V
NTH21217;HYDAC 0035D010ON - STAUFF SE-010-G-10-B - HIFI SH75206;SH75206
NTH21218;HYDAC 0055D020ON - STAUFF SE-015-G-20-B - HIFI SH75210;SH75210
NTH21219;HYDAC 0100 RK 015 MM - STAUFF RE-025-Q-15-B-OBE - HIFI SH74153SP;SH74153SP
NTH21220;ARGO V3.0520-58 - FILTREC R612G25 - HIFI SH 52103;SH52103
NTH21221;MP FILTRI MF100-3-A25HB - FILTREC R130G25B - HIFI SH 63356;SH63356
NTH21222;ARGO V3.0823-19 - HIFI SH 52203 - DONALDSON P575039;SH52203
NTH21223;HYDAC 0201RK015MM - DONALDSON P958246 - HIFI SH74187 SP;SH74187SP
NTH21224;ARGO V3.0520-18 - FILTREC D811G25B - STAUFF SD-015-F-20-B - HIFI SH52247;SH52247
NTH21225;REXROTH R902603243 - DONALDSON P765281 - HIFI SH 62021 V;SH62021V
NTH21226;ARGO V3.0720-46 - DONALDSON P764554 - STAUFF MD-025-E-10-B - HIFI SH 52707;SH52707
NTH21227;HIFI SH60161 - POZARLI HV0900 ;SH60161
NTH21229;HIFI SH 75320;SH75320
NTH21230;HIFI SH 74451;SH74451
NTH21231;HIFI SH 74440;SH74440
NTH21232;01.E450.3VG.HR.E.P - VF 060.034.415GF3H/-2H - STAUFF SN-120-F-03-B - HIFI SH65108;SH65108
NTH21233;OMT CR223F10R ;SH63367
NTH21234;0030 D 010 BH4HC /-V - SE-008-H-10-V - HIFI SH 75075 VCO;SH75075VCO
NTH21235;0280D010BN4HC ;SH75134
NTH21236; 01.NR.630-3VG-10BP - 0630RN003BN4HC - STAUFF NR-630-E-03-B - FILTREC XR630G03 - DONALDSON P571365 ;SH84167
NTH21243;FILTREC D650G25A - SCHROEDER KZ25 - HIFI SH 70065;SH70065
NTH21244;936602Q - HIFI SH 53453 V ;SH53453V
NTH21246;CH152FV11 - D111G25A - SH 57093 - STAUFF SP-010-E-20-B;SH57093
NTH21249; FILTREC D133G10B  - MP Filtri 8HP1353A10HP01;
NTH21250;SH 63371 - R164G10B - MF4003A10HBP01 - MP Filtri 8MF4003A10HBP01;SH63371
NTH21252;0750 R 010 ON /-B6 - STAUFF RE-134-G-10-B-B6.0;
NTH21254;HIFI SH76064 - HV0688;SH76064
NTH21256;01.NL.400.6VG.30.S.P - SH 65600 ;SH65600
NTH21257;EATON 01.E 320.25VG.16.S.P. - STAUFF RN-075-E-20-B;SH65026
NTH21260; 0009L002BN - HIFI SH 60490;SH60490
NTH21261;RFE-20FG-L14-10-CSV0T0;
NTH21262; MP CU9503A06NP01 ;
NTH21263; Palfinger E67069 - SH 630194 SP;SH630194SP
NTH21264;DONALDSON P557380;
NTH21265;JPM 4511-5W;
NTH21266;FILTREC R731G10 - STAUFF RA-390-E-10-B - PARKER 937778Q;SH 53081
NTH21267;PALL HC9606FDS4Z - FILTREC D630G10V - 40 BAR;SH 87297 V
NTH21269;  MP-618201-F;
NTH21270;REXROTH R928005745 - STAUFF RS-500-E-03-B ;SH 670204
NTH21271; ML1463MG, ENG1463MG ;
NTH21272; RLR425E10B, ML1464MG, ST1207-H1464MG ;SH 65006
NTH21273; R010110;SH 60090
NTH21274;HIFI SH68160 - POZARLI HV0618 ;SH68160
NTH21275;HIFI SH68197 - POZARLI HV0878 ;SH68197
NTH21276;HIFI SH68238SP - POZARLI HV0652 ;SH68238SP
NTH21277;ARGO V3.0520-06 - STAUFF SD-015-E-10-B;SH 52526
NTH21278;ARGO V3.0623-06 - STAUFF SD-024-E-10-B - HIFI SH 52606- 939764q - ST1000;SH52606
NTH21279;X09130158-001 TRANE ;
NTH21280;HYDAC 2600 R 020 ON/-KB - STAUFF RE-600-G-20-B-NB;SH 74295
NTH21282;R145G25B - ORJİNAL OLARAK VERİLECEK;
NTH21283;HYDAC 2600 R 005 ON /-V - STAUFF RE-600-G-05-V ;SH 74132 V
NTH21284;PARKER 930099Q - FILTREC D140G25A - STAUFF SP-045-E-20-B - HIFI SH 57117 ;SH57117
NTH21285;FILTREC R120G10B - ENA HE 30293 - MF100-1-A10H;SH 63347
NTH21286;HE 35032 - FILTREC R143G25B - DONALDSON P171544;SH 630092
NTH21287;ENA HE 37629 - FILTREC D771G10A - MANN HD670x;SH 51160
NTH21288;ENA HE 37472 - PALL HC9600FCP4H - FILTREC D140G03A;SH 87147
NTH21289;HE 34784 - 01E70/25VG16SP -  RLR70E20B - SH 65070;SH 65070
NTH21290;HE 34706 - CR50/03 - R120G25B - SH 63348;SH63348
NTH21291;HE 37167 - MF180-1-P10N - R140C10B - SH 63316;SH63316
NTH21292;HE 37408 - HC9600FCN4H - D140G06A - SH 57115;SH57115
NTH21293;HE 35387 - PI3145PS10 - DMD0045E10B - SH 84017;SH84017
NTH21294;HE 34999 - P3.0620-51 R623C10R - SH 52622;SH52622
NTH21295;HE 32342 - P3.0510-02 D810C25RA - SH 52512;SH52512
NTH21296;HE 33546 - P3.0520-01 D811C10RA - SH 52521;SH52521
NTH21297; NR-250-E-06-B ;SH 84172
NTH21298; MP Filtri HP1353A03AN;SH 93302
NTH21299;0630RN010BN4HC ;SH 84193
NTH21300;0630RN025BN4HC ;SH 84169
NTH21301;PALL HC8900FUS39H - STAUFF SP-220-E-10-B - FILTREC D616G10 - DONALDSON P566512;SH 87111
NTH21302;NR250 - 0250 RN 025 BN4HC , REXROTH - 928005928 - PI 24025RN ;SH 84166
NTH21304;HY 10371-1 - TEREX 5003660424 - POZARLI HV3184 - SH 52180 ;SH 52180 
NTH21305;FLEETGUARD HF30303 - STAUFF RP-095-E-10-B - VF 086.049.427GF10L-2H - SENNEBOGEN 3751027715 - HIFI SH 87286;SH87286
NTH21306;HYDAC 0330 D 005 BH4HC/-V ;
NTH21307; 01NR.1000.30VG.10.B.P- 01-NR-1000-30VG 10.B.P-SH65459;SH65459
NTH21308;HIFI SH 68212 - FILTREC WG894 - LIEBHERR 7373883;SH68212
NTH21309;20-CRZX10 - HIFI SH 70124;SH 70124
NTH21310;RFE-06FG-L14-10-SSV0T0 ;
NTH21311;FILTREC R541G10 - HIFI SH 51007 - PARKER FTCE2A10Q ;SH51007
NTH21316;HYDAC 2600 R020 BN4HC/-VPN-LM880 - FILTREC RHR2600G20B6/880;
NTH21317;VF 078.042.220GF10L1/3,5-2H - Sennebogen 019780, HIFI SH68056;SH68056
NTH21318;VF 078.043.210GF5L-2H - SF Filter HY20651 - SH 57119;SH57119
NTH21319;HP0503A10ANP01 - SH 93133 ;SH93133
NTH21320;MP Filtri MF1801A25HBP01 - VF099.040.220GF25L-2H - SH 63360;SH63360
NTH21321;200176 - SH62124  ;SH62124
NTH21322; MR6303A03AP01(MP Filtri);
NTH21323; SH 57121 - Parker 938967Q;SH57121
NTH21324;FILTREC DLD100E20B2 - HIFI SH65579 - EATON 01.N100.25VG.16.S.P (301992);SH65579
NTH21325;HIFI SH 93201 - MP Filtri CU2102A10ANP01;SH93201
NTH21326;HC9021FCT4H- STAUFF SP-010-F-20-B - D111G25B ;SH 57099
NTH21334;HYDAC 2600 R 010 BN4HC /-KB - SH 74195 - STAUFF RE-600-G-10-B-NB;SH 74195
NTH21335;INTERNORMEN 01.NL 250.25VG.30.E.P (01.NL250.25.VG.30.E.P.)- STAUFF NL-250-E-25-B;SH 65423
NTH21337;8HP1352A10ANP01 ;SH 63956
NTH21338;8MR1003A10AP01 ;
NTH21339;  0630 RN 001 BN/HC, NR-630-E-03-B - 01.NR630.1VG.10BP- SH 84286 - EATON 315136 ;SH84286
NTH21340;SP-095-E-10-B - D182G10A - SH 87304 - POZARLI HD1825;SH 87304
NTH21341;FLEETGUARD HF35202  ;SH 63306
NTH21343;MP Filtri CU2103A10ANP01 - R283G10 - SH 93219;SH93219
NTO30100;HY 9221;SH62088
NTO30116;HY9128;SH51002
NTO30117;HY9489;SH62273
NTO30119;SO1263;SO8077
NTO30135;HY17038;SH76005
NTO30140;SL81751;SA190319
NTO30143;HY14066;SH65170
NTO30144;HY90002;SH60197
NTO30145;UFİ SL 81750 ;SA 19845
NTO30146; SL 81346 ;SA 12318
NTO30147; HY10030 - FILTREC R650C10R - DONALDSON P173481;SH 52011
NTO30148; HY90555;SH 62278
NTO30149; HY10026 ;SH 52722
NTO30152;  HY9023;SH 69300
NTO30153; HY11581;SH 67591
NTO30154; HY11591;SH 67678
NTO30155; HY9466 ;SH 56318
NTO30156; HY9471 ;SO 8394
NTO30157; HY90166;SH 60281
NTO30158; FM 499 A ;
NTO30159;DONALDSON P502270 - FLEETGUARD HF7691;SH 60150
NTO30160;DONALDSON P762921 -FILTREC WP574 - FLEETGUARD HF35365 - HITACHI 4654745;SH 60199
NTO30161;FILTREC DMD0015D10B - STAUFF SL-045-D-10-B - MAHLE PI 1115 MIC 10;SH 84105
NTO30162;6211472850;SH 56367
NTO30163;HHYA00033065 - DONALDSON P502270 - FLEETGUARD HF7691 - SF HY 90250;HY 90250
NTO30164;HHYA00033064 - SF HY 90850/1 - HIFI SH60776;SH60776
NTO30166;MPFILTRI 8MF0301P25NBP01  ;
NTO30167;BADWIN PT9199 - FLEETGUARD HF28858 - FILTREC S550C10;SH 52933
NTO30168;FILTREC DMD0005D10B - BALDWIN PT9255;SH 84102
NTO30174;HILCO PL718-03-CN - DONALDSON P550213 - JPM 718-5-W;SH 56218
NTO30175; HY14246 ;SH 65273
NTO30176; HY9344 ;SH 62089
NTO30177; HY9465 ;SO 650
NTO30178; HY9525 ;SH 63300
NTO30179; SL8245 ;SA 19008
NTO30180; HY90184 ;SH 69009
NTO30182;MP CS-100-A10-A - FILTREC A120G10 ;SH 76955
NTO30183; SK3737;SN 21457
NTO30184; SL5876 ;SA 19325
NTO30185; SL8095 ;SA 19080
NTO30186; SL5873 ;SA 19372
NTO30187; SK3609 ;SN 21565
NTO30188; SL81926 ;SA 19883
NTO30189; SL8225 ;SA 19034
NTO30190; SL81716 ;SA 19739
NTO30191; SK3958 ;SN 010
NTO30192; SO1222 ;SO 052
NTO30193; SBL88004 ;SA 12693
NTO30194;ATLAS COPCO 1614 7273 00 ;SH 62250
NTO30195;UFI ERA52NCD - DONALDSON P173065;SH 63327
NTO30196;UFI ERA51NCD - FILTREC R150C25B - DONALDSON P763276;SH 63322
NTO30197; SL8151 ;SA 19112
NTO30198;DONALDSON P556064;P556064
NTO30199;EKOMAK MKN - ATLAS COPCO 2205 4319 01 ;SH 56405
NTO30200;HILCO PL310-10-C;SH 66229
NTO30204;OMT CR112C25 - FILTREC R122C25B - DONALDSON P171534;SH 63029
NTO30205;MF1003P25NBP01 - DONALDSON P171837 - FILTREC R130C25B;SH 63031
NTO30206;JCB 335/G0474 - HIFI SH60067 - 25 MİKRON SELÜLOZ;SH60067
NTO30209;1.32 P25-A00-0-0 EPE - STAUFF RS-008-K-20-B;SH 67630
NTO30210;POZARLI - LV002 (P941);SN 010
NTO30215;VF 130.64.200P10L1/1,7-2 - OMT CR223C10R - FILTREC R160C10B;SH 63326
NTO30216;FILTREC WP884 - HIFI SH64289 - MAHLE 852940MIC25 - STAUFF RL-009-L-20-B;SH64289
NTO30218;MANN W13145/1 ;SO 7038
NTO30219;MANN W940 ;SO 053
NTO30220;MP CS-050-A10-A - FILTREC A110G10 ;SH 56555
NTO30224;ARGO P3 05 10 11 - DONALDSON P175101- fleetguard HF35269;SH 52511 
NTO30230;HYDAC 0110 R 020 P/HC-B6 - RE-030-N-20-B-B6.0 - A550019 - 317177   ;SH 52511
NTO30231;MAHLE PI 1008 MIC 25 - STAUFF SL-020-D-20-B - A602213 ;SH 84097
NTO30232;ARGO P2.0923-21 - HIFI SH 52301 - DONALDSON P173489;SH 52301
NTO30233;MAHLE 852125MIC10 - DONALDSON P550576 - STAUFF SL-005-K-10-B;SH 60719
NTO30234;MP F10/P25 - HIFI SH63029;SH63029
NTO30235;1311123010;SH 62536
NTO30238;SCHROEDER - K 20 - SCHROEDER - K 25 - HIFI SH 56161 - FLEETGUARD HF6197 - DONALDSON P167425;SH56161
NTO30239;P550575 - 12 MİKRON - SH 56252;SH56252
NTO30240;DONALDSON R010110 - FİL FİLTRE ML1471 - HIFI SH 60090;SH60090
NTO30241;DONALDSON P555461 ;SH 56252
NTO30244; P550576, SFH 4135, R17-DR ;SH 60719
NTP10012;P500149;ASR992800AG009
NTP10068;P783648;ASR991900AG010
NTP10337;2653254470;ASR971401AG022
NTP10526;262-5025C ;TO262-5025C
NTS70011;2901054500;SI30782
NTS70012;2901200307;SI30770
NTS70015;1621 9386 99;OT2014
NTS70041;BA300427;SI30602
NTS70047;23675010;OS5293
NTS70048;JPMG 318-R-CE;SG6055
NTS70050;LE10005X;OS5000
NTS70051;DC 3274;OT2110
NTS70052;;SA7056
NTS70053;1311121202;SA190512
NTS70055;17207786;SA19578
NTS70057;17208786;SA7099
NTS70059;17207787;SA7040
NTS70060;17208787;SA7098
NTS70061;9056293;SA6843
NTS70062;17208789;SA19739
NTS70063;17208788;SA7097
NTS70064;17207788;SA7041
NTS70065;17208785;SA19882
NTS70067;57211105;OV6078
NTS70068;57251001;OV6073
NTS70069;57251002;OV6016
NTS70071; 71125114-6613;SA190489
NTS70074;8973035121;SA12009
NTS70075;2236105790;OV6073
NTS70076;2236106186;OV6075
NTS70077;63463;SH62139
NTS70078;6.3462.1;SH62117
NTS70079;114 27274 ;OS5016
NTS70081;17203382;OS5010
NTS70082;619790;SH56405
NTS70083;619620;OS2014
NTS70086;AS2459;OS5011
NTS70092;1624184403;SI32780
NTS70097;PARKER DOMNICK HUNTER, K145A0;
NTS70098;BUSCH - 532140154 - HIFI OA1118;OA1118
NTS70103;HIFI - OA 1189;OA1189
NTS70104;HIFI - OA 1036 - MANN 4930155481;OA 1036
NTS70105;MF 14/20;
NTS70106;DONALDSON MF 05/25 - 1C121440;SI 10551
NTS70107;DONALDSON P-FFP 05/25 - 1C225140;SI 10555 OGPV
NTS70108;LB719/2 ;OV 6004
NTS70114;DONALDSON ULTRAFILTER - MF 15-30 ;SI 10151
NTS70119;AA-0145 G - HIFI SI 31362 - FIMAC FEF / 0145;SI 31362
NTS70120;6952-F-0100 - FİLSAN FE11404/X-AL(Demonte alınacak  ve gönderilecek);
NTS70121;PARKER 1140XP SEPERATOR - FİLSAN FE1603X;SI 21142
;;
